Word,Label,Correction
ලියමි,1,-
පවතින,0,ගුණාත්මක
මනාවම,0,නොවැලැක්විය
නැගෙන්නට,0,විනිවිද
උපදෙස්ට,0,ගැටලූවක්
සැලැස්ම,1,-
සංචාරකේ,0,එකතුකෙරේ
කාලීන,1,-
පවතින,0,පාර්ශව
නතරවිය,1,-
සන්සුන්,1,-
අතේ,0,ගුණාත්මක
කියවති,0,කාලීන
නවීනට,0,අපි
කතාකළා,1,-
තෙරට,0,පාර්ශව
සැලැස්මට,0,විකසිත
කියවීම,1,-
කැපවීම,1,-
හදන්න,0,දියුණු
තෙරට,0,සමානයේ
එකලඟ,1,-
අන්තර්ගතේ,0,නවීන
නතරවියා,0,මනා
කියවීම,1,-
කියවුමි,0,පසුව
නොවැලැක්වුම,0,තෙර
ඉන්දු,1,-
එකතුකෙරේ,1,-
වෙලාවට,1,-
කැපවීම,1,-
අයදුම්පත්,1,-
පරිකල්පනය,1,-
වෙලාවටා,0,අපි
අවශ්‍ය,1,-
ඉගැන්වුව,0,ගැටලුව
අරඹන,1,-
සතුටට,0,අරමුදල
විනිවිදට,0,සැලැස්ම
සටහන,1,-
විකසිතේ,0,විසින්
අර්ථවත්ට,0,ගමනක්
ගමනක්,1,-
කියවූ,1,-
එකතුකෙරේට,0,කාර්ය
කියවුම,0,ආරක්ෂාව
වෙනුවෙන්ට,0,ගැටලු
ගැටලුව,0,අත
කෙරේ,1,-
පාර්ශවට,0,දියුණු
පවති,1,-
සතුටට,0,පාර්ශව
ඇතුළුව,0,කියවමි
හදන්න,0,නොගැටුනු
ආරක්‍ෂාව,0,පහසුකම්
සැලසුම්,1,-
කියවූව,0,පසුව
කාලීන,1,-
වඩිමි,1,-
සැලසුම්,1,-
කියවති,0,අනුරූප
වෙලාවට,1,-
කථාකල,0,සටහන
සමගද,0,ගැටලු
ආරක්ෂාව,1,-
එකලඟ,1,-
සඳහාවට,0,කාර්ය
ගැටලු,1,-
විනිවිද,1,-
මනාවට,0,ගැටලුව
මමම,0,වඩිමි
නවීනට,0,දියුණු
අන්තර්ගතේ,0,අර්ථවත්
සටහනට,0,දියුණු
සමගද,0,කෙරේ
වෙනුවෙන්,1,-
අරමුදල,1,-
ගමන්ක්,0,විනිවිද
පරිනතට,0,කෙරෙමින්
සතුටට,0,ඇවිදිමු
ගියමි,1,-
ගැටලූවක්ට,0,සහ
දැනු,0,දියුණු
සංචාරක,1,-
වෙනුවෙන්ට,0,මිනිසුන්
හදන්න,0,පරිපාලන
කියවීම,1,-
සමගද,0,නැගෙන්නා
හදන්න,0,ගැටලූවක්
ඉන්දුට,0,ඉගැන්වුවා
අන්තර්ගත,1,-
සැලසුම්ව,0,වෙනුවෙන්
සමගද,0,වඩිමි
මනාවට,0,විධිමත්
සමග,1,-
සමග,1,-
සංචාරක,1,-
සන්සුන,0,කාලීන
මනාව,1,-
ගියෙය,0,ගෙදර
පෙර,1,-
ගියමි,1,-
අවශ්‍යව,0,සටහන
උපදෙස්ට,0,මම
සහද,0,ගුණාත්මක
ලියමි,1,-
සන්සුන්,1,-
ගෙදරට,0,නවීන
සතුට,1,-
සතුට,1,-
අවශ්‍යව,0,ගැටලූවක්
විකසිත,1,-
ගුණාත්මික,0,ගමනක්
සහද,0,නැගෙන්නා
වඩිති,0,කතාකළා
සටහනට,0,අරඹමි
අරබනවා,0,දිගහැරීම
කෙරෙමු,0,කියවීම
මනාව,1,-
ඇවිදින්නා,0,විධිමත්
කැපවුම,0,පසුව
අර්ථවත්ට,0,පාර්ශව
පරිනතට,0,සතුට
ඉස්මතුට,0,කියවමි
වඩිති,0,පසුව
එකලඟට,0,මිනිසුන්
පරිනතට,0,පරිපාලන
කාලීන,1,-
පාර්ශව,1,-
ඉස්මතුට,0,සැලැස්ම
කියවති,0,උපදෙස්
අපි,1,-
සංචාරකේ,0,වෙලාවට
පාර්ශවට,0,ගැටලු
කැපවුම,0,කියවමින්
ගැටලුව,0,ඇතුළු
අරබනවා,0,ඉන්දු
පාර්ශවට,0,වෙනස්
මනා,1,-
දියුණු,1,-
ගමනක්,1,-
සන්සුන,0,කියවමි
නොවැලැක්විය,1,-
සැලැස්මට,0,සතුට
පරිකල්පනයට,0,ඉගැන්වුවා
ගැටලු,1,-
ගැටලුවට,0,සැලැස්ම
අයදුම්පත්,1,-
නොගැටුනුට,0,කියවමින්
ගැටලුව,1,-
මනාවට,0,පාර්ශව
විධිමත්,1,-
පෙර,1,-
කියවුමි,0,සමානයේ
දිනුවා,1,-
තෙර,1,-
සඳහාවට,0,ඇවිදිමු
කියවුමි,0,කතාකළා
උපදෙස්,1,-
අරබනවා,0,මිනිසුන්
පරිකල්පනය,1,-
අරමුදල,1,-
නැගෙන්නා,1,-
මිනිසුන්,1,-
උපදෙස්ට,0,ඇවිදිමු
වඩිති,0,සංචාරක
වඩිමි,1,-
වෙනස්ව,0,වෙනුවෙන්
ඇවිදින්නා,0,මිනිසුන්
ගොඩනැගුවා,1,-
ගෙදර,1,-
සටහනට,0,කෙරෙමින්
පරිනතට,0,ගියමි
පරිනත,1,-
ගුණාත්මික,0,සතුට
පෙරට,0,විනිවිද
අත,1,-
විනිවිද,1,-
කාලීනට,0,අයදුම්පත්
පරිපාලනට,0,සමානයේ
පහසුකම්,1,-
එකලඟ,1,-
ගෙදරට,0,සමානයේ
ඉන්දුට,0,මනාව
පසුවා,0,සහ
සමග,1,-
විකසිතේ,0,එකතුකෙරේ
විධිමත්,1,-
නැගෙන්නට,0,සතුට
සහ,1,-
වෙනුවෙන්ට,0,මම
විකසිත,1,-
වෙනුවෙන්,1,-
සැලැස්මට,0,සන්සුන්
අරඹමි,1,-
ඉගැන්වුව,0,මනාව
තෙරට,0,එකතුකෙරේ
හොඳ,1,-
පෙර,1,-
වෙනුවෙන්,1,-
මිනිසුන්,1,-
හොද,0,විකසිත
ඉන්දුට,0,අරඹනවා
අරඹන,1,-
ආරක්‍ෂාව,0,තෙර
නොගැටුනු,1,-
සැලසුම්ව,0,ඇතුළු
මනාවම,0,අනුරූප
මනා,1,-
විකසිත,1,-
ඉස්මතුට,0,සඳහාව
ගුණාත්මක,1,-
අවශ්‍යව,0,සමග
දිගහැරීම,1,-
අරඹයි,0,කියවීම
ගමන්ක්,0,ගුණාත්මක
මනාවම,0,කියවූ
විසින්ට,0,පසුව
අරබනවා,0,අපි
අපි,1,-
මනා,1,-
අනුරූප,1,-
ගුණාත්මික,0,සහ
ගමනක්,1,-
ඇතුළුව,0,අපි
මනාව,1,-
අර්ථවත්,1,-
අරඹමි,1,-
කෙරේ,1,-
කාලීන,1,-
මිනිසුන්ට,0,අරඹමි
අන්තර්ගත,1,-
අරමුදල,1,-
පෙරට,0,වෙනස්
එකලඟ,1,-
එකලඟ,1,-
සතුට,1,-
ඇවිදිමු,1,-
කියවීම,1,-
කාලීන,1,-
නතරවියා,0,සටහන
හොඳ,1,-
අවශ්‍ය,1,-
ගැටලුවට,0,දැනුවත්
මනාවට,0,කාර්ය
දැනු,0,විනිවිද
කියවුම,0,ඉගැන්වුවා
අර්ථවත්ට,0,විසින්
අපි,1,-
දියුණුම,0,ගැටලු
කියවති,0,මම
අර්ථවත්,1,-
පෙරට,0,ඇවිදිමු
ගැටලුවට,0,මනාව
පවතින,0,දිගහැරීම
අන්තර්ගත,1,-
කැපවුම,0,හොඳ
අර්ථවත්,1,-
කෙරෙමින්,1,-
අර්ථවත්,1,-
පාර්ශවට,0,ආරක්ෂාව
ඉන්දු,1,-
ගැටලුව,1,-
පෙරට,0,අර්ථවත්
කියවති,0,වෙනුවෙන්
නොවැලැක්විය,1,-
කාර්යට,0,සහ
එකලඟට,0,ගැටලු
නැගෙන්නට,0,පරිකල්පනය
මිනිසුන්,1,-
අනුරූපට,0,ඉස්මතු
ඉන්දු,1,-
මිනිසුන්,1,-
සටහන,1,-
ඉන්දුට,0,දිනුවා
කියවමින්,1,-
කාලීන,1,-
අවශ්‍යව,0,නතරවිය
ඉන්දු,1,-
සමානේ,0,සතුට
වෙනුවෙන්,1,-
සැලසුම්,1,-
හදුවා,1,-
සංචාරක,1,-
සමානයේ,1,-
ඉස්මතු,1,-
මිනිසුන්ට,0,නතරවිය
ගැටලුවට,0,සමානයේ
මිනිසුන්ට,0,පෙර
එකතුකෙරේ,1,-
කියවති,0,ගැටලූවක්
ඉස්මතුට,0,කියවමින්
නවීන,1,-
පරිපාලන,1,-
සමානයේ,1,-
තෙරට,0,ඉගැන්වුවා
අත,1,-
සමග,1,-
පහසුකම්,1,-
අරඹනවා,1,-
කෙරේ,1,-
අරඹමි,1,-
අතේ,0,ගොඩනැගුවා
ගෙදරට,0,ගමනක්
පරිපාලන,1,-
ගියෙය,0,එකතුකෙරේ
දිගහැරීම,1,-
දිගහැරුම,0,එකලඟ
විනිවිදට,0,වඩිමි
සමානයේ,1,-
මනාවට,0,උපදෙස්
කියවමි,1,-
සහ,1,-
ඉස්මතුට,0,සැලැස්ම
වෙලාවටා,0,අරඹන
සන්සුන්,1,-
ඉස්මතු,1,-
අපිම,0,සටහන
පහසුකම්ට,0,මනාව
හදුවා,1,-
මනාව,1,-
දැනුවත්,1,-
සන්සුන්,1,-
ගෙදර,1,-
කියවුම,0,වෙනුවෙන්
හදුවා,1,-
අර්ථවත්,1,-
විකසිතේ,0,විකසිත
කියවූ,1,-
නොගැටුනු,1,-
හදන්න,0,සහ
මනාවට,0,හොඳ
අන්තර්ගතේ,0,මිනිසුන්
දියුණුම,0,සැලසුම්
සමග,1,-
මම,1,-
කෙරෙමු,0,සැලැස්ම
දියුණුම,0,එකලඟ
අන්තර්ගතේ,0,කෙරේ
අතේ,0,මනා
සංචාරකේ,0,දැනුවත්
පවතින,0,කතාකළා
වෙලාවටා,0,කතාකළා
කියවමි,1,-
උපදෙස්,1,-
නවීන,1,-
අනුරූප,1,-
ගැටලූවක්,1,-
විකසිත,1,-
මනාව,1,-
අර්ථවත්,1,-
දැනු,0,සංචාරක
විසින්ට,0,දියුණු
සමානයේ,1,-
ඇවිදිමු,1,-
සංචාරක,1,-
ඉගැන්වුවා,1,-
දියුණු,1,-
පසුව,1,-
ගැටලූවක්ට,0,එකලඟ
අන්තර්ගතේ,0,වෙනස්
අනුරූපට,0,පරිනත
ඉගැන්වුවා,1,-
පවතින,0,හොඳ
පරිනතට,0,සහ
ඇතුළු,1,-
ගුණාත්මික,0,අරමුදල
සමගද,0,කැපවීම
කියවුමි,0,කැපවීම
කාලීන,1,-
අපිම,0,කියවීම
නොගැටුනු,1,-
කියවති,0,කියවීම
පරිනත,1,-
ගුණාත්මක,1,-
වෙනුවෙන්ට,0,ගොඩනැගුවා
උපදෙස්ට,0,හොඳ
දියුණුම,0,දිගහැරීම
පරිනත,1,-
නවීන,1,-
තෙර,1,-
කාර්ය,1,-
ගැටලුව,0,සැලැස්ම
අර්ථවත්ට,0,අත
ගැටලුවට,0,පසුව
අවශ්‍ය,1,-
ඇතුළු,1,-
මනාව,1,-
විසින්ට,0,පාර්ශව
කියවූව,0,නවීන
අවශ්‍ය,1,-
පාර්ශව,1,-
මනාව,1,-
අතේ,0,පසුව
වෙලාවට,1,-
කියවීම,1,-
සහද,0,වෙනුවෙන්
එකතුකෙරේට,0,මම
පහසුකම්,1,-
පෙරට,0,ගොඩනැගුවා
නතරවියා,0,අරඹනවා
දිනුවා,1,-
අවශ්‍යව,0,පාර්ශව
කියවුම,0,මම
මනාව,1,-
අරඹන,1,-
කියවූ,1,-
පහසුකම්,1,-
පසුව,1,-
සමානයේ,1,-
නොවැලැක්වුම,0,වෙනුවෙන්
විනිවිද,1,-
පවතින,0,විකසිත
කියවූ,1,-
ඉගැන්වුව,0,අරමුදල
විකසිතේ,0,නවීන
කියවති,0,වඩිමි
ගොඩනැගුවාට,0,සංචාරක
වෙනස්ව,0,සමග
එකලඟ,1,-
නතරවියා,0,අවශ්‍ය
මනාවට,0,වෙලාවට
කියවුම,0,සන්සුන්
පරිපාලන,1,-
අරඹමි,1,-
විකසිත,1,-
ඇතුළුව,0,කාර්ය
කෙරෙමින්,1,-
ඉගැන්වුව,0,පරිපාලන
දැනුවත්,1,-
කියවමි,1,-
විසින්ට,0,හදුවා
ගියෙය,0,පාර්ශව
හදන්න,0,කතාකළා
ඉන්දු,1,-
දිනුව,0,ඇවිදිමු
අපිම,0,ගැටලූවක්
පරිපාලන,1,-
අපි,1,-
කියවුම,0,අනුරූප
ඉස්මතු,1,-
හොද,0,නැගෙන්නා
ඉස්මතු,1,-
තෙර,1,-
උපදෙස්,1,-
සහද,0,කැපවීම
අර්ථවත්ට,0,අරඹනවා
පවති,1,-
අවශ්‍යව,0,ගැටලු
සඳහාව,1,-
ඇවිදින්නා,0,ඉගැන්වුවා
ගුණාත්මික,0,නවීන
නවීන,1,-
පහසුකම්,1,-
වෙලාවටා,0,සැලැස්ම
සැලැස්මට,0,කෙරේ
නවීන,1,-
විනිවිද,1,-
කියවූව,0,මනාව
ඉගැන්වුවා,1,-
අරඹමි,1,-
ඇවිදිමු,1,-
ගෙදරට,0,විකසිත
අනුරූප,1,-
අත,1,-
විසින්,1,-
ආරක්ෂාව,1,-
පරිකල්පනයට,0,අරඹන
කියවූ,1,-
වෙලාවට,1,-
ගමන්ක්,0,නවීන
පෙරට,0,ආරක්ෂාව
කියවූව,0,කියවීම
නැගෙන්නා,1,-
ගැටලුවට,0,ගැටලුව
ගොඩනැගුවාට,0,සහ
ගොඩනැගුවා,1,-
අර්ථවත්ට,0,අත
පසුවා,0,අර්ථවත්
සටහන,1,-
මනා,1,-
නොගැටුනු,1,-
ඉන්දු,1,-
අන්තර්ගතේ,0,හදුවා
ගැටලුවට,0,අන්තර්ගත
කියවමි,1,-
නතරවිය,1,-
අයදුම්පත්,1,-
කියවමින්,1,-
අර්ථවත්,1,-
නතරවියා,0,ආරක්ෂාව
පෙර,1,-
පාර්ශවට,0,සමග
කියවුමි,0,අරඹනවා
අන්තර්ගතේ,0,මනා
උපදෙස්,1,-
ආරක්ෂාව,1,-
හොඳ,1,-
ගෙදර,1,-
උපදෙස්ට,0,දැනුවත්
සඳහාවට,0,කාලීන
මනාව,1,-
අරමුදල,1,-
අයදුම්පත්ට,0,ගැටලු
මිනිසුන්ට,0,සඳහාව
අපි,1,-
මනාව,1,-
සැලැස්ම,1,-
අපිම,0,උපදෙස්
සටහන,1,-
වෙනුවෙන්,1,-
වෙනුවෙන්ට,0,මනාව
සඳහාවට,0,ගියමි
මිනිසුන්,1,-
අරඹමි,1,-
ගියමි,1,-
අයදුම්පත්ට,0,පාර්ශව
වඩිමි,1,-
අත,1,-
කෙරෙමු,0,ගමනක්
නතරවිය,1,-
නතරවිය,1,-
කියවමින්,1,-
පරිපාලනට,0,එකතුකෙරේ
මමම,0,අරඹනවා
පාර්ශවට,0,මනාව
වඩිති,0,සංචාරක
ගොඩනැගුවා,1,-
ගියෙය,0,සංචාරක
වෙලාවටා,0,අර්ථවත්
කැපවුම,0,අර්ථවත්
හදුවා,1,-
දැනුවත්,1,-
පරිකල්පනයට,0,පවති
සමානේ,0,මනා
හොඳ,1,-
නතරවියා,0,ගියමි
පරිකල්පනය,1,-
හදන්න,0,වෙනුවෙන්
විධිමත්ත,0,මිනිසුන්
අත,1,-
ඉස්මතුට,0,නොගැටුනු
ඉස්මතුට,0,අනුරූප
එකලඟ,1,-
මනාව,1,-
ඉගැන්වුවා,1,-
සහද,0,පාර්ශව
පෙර,1,-
නතරවිය,1,-
පරිකල්පනයට,0,ගැටලූවක්
නතරවිය,1,-
ගැටලුවට,0,සන්සුන්
විනිවිද,1,-
කියවමින්,1,-
අරබනවා,0,වෙනස්
දියුණු,1,-
පරිපාලන,1,-
කෙරෙමින්,1,-
දැනුවත්,1,-
සැලසුම්,1,-
සන්සුන,0,සැලැස්ම
මනාවම,0,සහ
නවීන,1,-
කියවූව,0,දැනුවත්
දිනුව,0,කාර්ය
සටහනට,0,එකතුකෙරේ
අරඹනවා,1,-
කියවුමි,0,සටහන
සටහන,1,-
ගැටලුවට,0,සහ
ඉස්මතු,1,-
නොගැටුනුට,0,අරඹනවා
කියවති,0,උපදෙස්
කෙරෙමින්,1,-
කාර්යට,0,සන්සුන්
උපදෙස්,1,-
සැලසුම්ව,0,ලියමි
ගැටලුව,1,-
සමානයේ,1,-
පවතින,0,දිනුවා
සන්සුන,0,මනා
සතුට,1,-
උපදෙස්ට,0,විසින්
ඉගැන්වුව,0,සමග
දියුණු,1,-
එකලඟ,1,-
ගැටලුව,1,-
වෙනුවෙන්ට,0,අරඹමි
දැනුවත්,1,-
සතුට,1,-
විසින්ට,0,පරිකල්පනය
ගොඩනැගුවාට,0,එකලඟ
දිගහැරීම,1,-
කාලීනට,0,සහ
අපි,1,-
කෙරේ,1,-
සන්සුන,0,අර්ථවත්
අපිම,0,හදුවා
විධිමත්,1,-
කියවූව,0,අවශ්‍ය
කියවූව,0,මනාව
එකතුකෙරේ,1,-
සඳහාවට,0,අරඹන
කියවූ,1,-
විසින්ට,0,සැලසුම්
සංචාරකේ,0,නැගෙන්නා
විසින්ට,0,කැපවීම
එකලඟට,0,අවශ්‍ය
නතරවිය,1,-
පරිකල්පනයට,0,පවති
පවති,1,-
ගමන්ක්,0,පෙර
මනා,1,-
සතුට,1,-
හොද,0,අනුරූප
අරඹමි,1,-
නොවැලැක්වුම,0,අපි
ඇවිදිමු,1,-
නවීන,1,-
ගියෙය,0,හදුවා
විනිවිද,1,-
ඉස්මතුට,0,කාලීන
ආරක්‍ෂාව,0,සැලැස්ම
පවති,1,-
දිගහැරුම,0,දැනුවත්
අරඹයි,0,නොගැටුනු
එකතුකෙරේට,0,අත
මම,1,-
කෙරේ,1,-
පෙරට,0,කියවමින්
මනාව,1,-
අන්තර්ගත,1,-
විධිමත්ත,0,අරඹන
හදන්න,0,සඳහාව
කියවුම,0,අත
ආරක්‍ෂාව,0,පරිකල්පනය
අරබනවා,0,කියවමින්
අරඹන,1,-
කතාකළා,1,-
කාර්ය,1,-
සැලැස්මට,0,වෙලාවට
නැගෙන්නට,0,විසින්
කථාකල,0,පරිපාලන
කථාකල,0,ඉගැන්වුවා
මනාවම,0,විසින්
තෙරට,0,ගැටලුව
කෙරේ,1,-
ගියෙය,0,නැගෙන්නා
හොද,0,ගියමි
ගැටලු,1,-
කැපවුම,0,අරඹනවා
වෙලාවට,1,-
පරිනතට,0,කියවූ
කාලීන,1,-
පවති,1,-
කැපවුම,0,ගැටලුව
වෙලාවට,1,-
පරිනත,1,-
සංචාරකේ,0,අරඹනවා
පෙරට,0,සමග
තෙර,1,-
විසින්ට,0,සමානයේ
එකලඟ,1,-
ඇතුළුව,0,පරිකල්පනය
කැපවීම,1,-
විනිවිදට,0,දිගහැරීම
පාර්ශව,1,-
අරබනවා,0,වෙනුවෙන්
අනුරූප,1,-
සැලසුම්ව,0,පවති
නොවැලැක්වුම,0,මනාව
ඉස්මතුට,0,පවති
එකතුකෙරේට,0,අපි
නවීන,1,-
නවීන,1,-
ආරක්‍ෂාව,0,කියවූ
සතුට,1,-
මනාවම,0,එකලඟ
ගෙදර,1,-
සැලසුම්,1,-
සංචාරක,1,-
ඉස්මතු,1,-
ගැටලු,1,-
සැලැස්මට,0,අනුරූප
පසුව,1,-
ගෙදරට,0,සතුට
ගමනක්,1,-
දිගහැරීම,1,-
සතුට,1,-
දැනුවත්,1,-
අපිම,0,කෙරෙමින්
කැපවුම,0,අන්තර්ගත
කාර්යට,0,සැලැස්ම
අතේ,0,නතරවිය
ගමන්ක්,0,ආරක්ෂාව
අරඹන,1,-
එකතුකෙරේ,1,-
ගුණාත්මක,1,-
තෙරට,0,අන්තර්ගත
විනිවිදට,0,ගුණාත්මක
දිනුවා,1,-
සමගද,0,සඳහාව
සටහනට,0,සමග
දිනුවා,1,-
සටහනට,0,හොඳ
වෙලාවටා,0,පාර්ශව
ලියමි,1,-
සහ,1,-
ගෙදරට,0,ගැටලුව
පරිකල්පනය,1,-
අන්තර්ගතේ,0,නැගෙන්නා
ලියමි,1,-
සැලැස්මට,0,නොගැටුනු
නොවැලැක්වුම,0,අන්තර්ගත
අතේ,0,වෙනුවෙන්
ඉගැන්වුවා,1,-
කෙරේ,1,-
නැගෙන්නට,0,හදුවා
සඳහාව,1,-
කෙරෙමින්,1,-
සහද,0,මම
නවීනට,0,විධිමත්
පවති,1,-
පෙර,1,-
මනාවට,0,සැලැස්ම
කතාකළා,1,-
පරිකල්පනය,1,-
නොවැලැක්වුම,0,ඇවිදිමු
අරඹමි,1,-
කියවූ,1,-
ගැටලූවක්,1,-
සමගද,0,ගොඩනැගුවා
පසුවා,0,කෙරේ
මම,1,-
කාලීන,1,-
අර්ථවත්ට,0,සන්සුන්
දියුණුම,0,සැලැස්ම
කියවති,0,පෙර
කාර්යට,0,වෙනුවෙන්
වෙනස්,1,-
ඇතුළුව,0,සැලසුම්
කාර්යට,0,අත
මිනිසුන්ට,0,හදුවා
ගුණාත්මික,0,ගුණාත්මක
එකතුකෙරේ,1,-
ගැටලූවක්ට,0,අත
කාලීනට,0,මිනිසුන්
ආරක්ෂාව,1,-
හොඳ,1,-
උපදෙස්,1,-
ඉන්දුට,0,කෙරෙමින්
අවශ්‍යව,0,ගොඩනැගුවා
කියවුම,0,දැනුවත්
ඉන්දුට,0,ඉන්දු
එකලඟට,0,සැලැස්ම
පාර්ශවට,0,වඩිමි
වෙලාවටා,0,ඉස්මතු
කතාකළා,1,-
ගැටලූවක්ට,0,අපි
පරිකල්පනයට,0,කාර්ය
ගියෙය,0,හදුවා
කාර්යට,0,කාර්ය
සටහන,1,-
සමානේ,0,වෙනස්
දිනුව,0,ලියමි
පෙර,1,-
දියුණු,1,-
මිනිසුන්,1,-
කියවති,0,දිනුවා
වෙනස්ව,0,අත
ගැටලු,1,-
පවතින,0,ගැටලූවක්
සැලසුම්ව,0,ගැටලු
අවශ්‍ය,1,-
කියවමින්,1,-
ගුණාත්මක,1,-
නොගැටුනු,1,-
කාලීන,1,-
අන්තර්ගත,1,-
විධිමත්ත,0,ගැටලූවක්
ඇවිදිමු,1,-
මමම,0,අයදුම්පත්
උපදෙස්ට,0,සැලැස්ම
පවතින,0,නැගෙන්නා
විකසිත,1,-
ඇවිදින්නා,0,සැලසුම්
තෙර,1,-
දිගහැරීම,1,-
නතරවියා,0,ගැටලුව
ගමන්ක්,0,මනාව
දිනුව,0,වෙලාවට
පරිනත,1,-
වෙනස්,1,-
පහසුකම්,1,-
එකතුකෙරේ,1,-
සැලැස්ම,1,-
කාර්ය,1,-
මමම,0,අරඹන
පවති,1,-
පරිකල්පනය,1,-
ගෙදරට,0,සංචාරක
කෙරෙමු,0,හදුවා
ඉස්මතු,1,-
ගුණාත්මික,0,කැපවීම
සහ,1,-
අයදුම්පත්,1,-
අයදුම්පත්,1,-
නැගෙන්නා,1,-
පවති,1,-
ගැටලූවක්ට,0,වෙනස්
නොවැලැක්වුම,0,අත
වඩිති,0,දියුණු
අරබනවා,0,අරඹන
කථාකල,0,පාර්ශව
සංචාරකේ,0,සංචාරක
දියුණු,1,-
පරිකල්පනයට,0,අරමුදල
සහද,0,පරිපාලන
කියවීම,1,-
අයදුම්පත්,1,-
ඉස්මතුට,0,ඇතුළු
කියවීම,1,-
සැලැස්ම,1,-
අනුරූපට,0,මම
පසුවා,0,ගැටලූවක්
කෙරෙමු,0,පසුව
අරඹයි,0,ලියමි
සැලැස්මට,0,කෙරේ
විසින්,1,-
ගැටලූවක්,1,-
එකලඟට,0,නැගෙන්නා
කෙරෙමින්,1,-
වෙලාවටා,0,අර්ථවත්
කියවුම,0,සමග
අරමුදල,1,-
අවශ්‍යව,0,අරඹන
වෙනුවෙන්,1,-
දියුණුම,0,සහ
මිනිසුන්ට,0,ගමනක්
සමග,1,-
පෙරට,0,සන්සුන්
අතේ,0,පරිකල්පනය
පාර්ශවට,0,මනා
ඇතුළුව,0,අරඹමි
වෙනස්ව,0,කතාකළා
පසුවා,0,මනාව
අන්තර්ගත,1,-
ගැටලූවක්,1,-
අරඹයි,0,වඩිමි
පෙර,1,-
සටහනට,0,පරිකල්පනය
ගැටලූවක්,1,-
අන්තර්ගතේ,0,එකලඟ
අයදුම්පත්,1,-
ගොඩනැගුවා,1,-
මිනිසුන්,1,-
සංචාරකේ,0,පහසුකම්
උපදෙස්,1,-
පාර්ශව,1,-
එකතුකෙරේට,0,නතරවිය
අපිම,0,විකසිත
කියවූ,1,-
තෙරට,0,සහ
විසින්,1,-
ගියෙය,0,පවති
මනාවට,0,කෙරේ
සඳහාවට,0,ඇවිදිමු
ගැටලුව,1,-
සටහන,1,-
ගමන්ක්,0,පරිකල්පනය
වඩිමි,1,-
අර්ථවත්ට,0,විනිවිද
වෙලාවටා,0,අපි
නොගැටුනුට,0,ඉන්දු
දිගහැරුම,0,දියුණු
එකතුකෙරේට,0,එකතුකෙරේ
නතරවියා,0,කියවීම
කියවූ,1,-
විසින්ට,0,අරමුදල
මනාව,1,-
දිගහැරීම,1,-
සමගද,0,එකතුකෙරේ
පවති,1,-
කාර්ය,1,-
කියවුම,0,උපදෙස්
ගෙදර,1,-
විසින්ට,0,සමානයේ
නොවැලැක්විය,1,-
විධිමත්ත,0,පසුව
දිගහැරුම,0,සැලැස්ම
ආරක්‍ෂාව,0,එකතුකෙරේ
එකතුකෙරේට,0,අපි
පහසුකම්ට,0,උපදෙස්
විසින්,1,-
ලියමි,1,-
සඳහාව,1,-
වෙලාවටා,0,කියවූ
ඉස්මතු,1,-
අරඹන,1,-
කෙරෙමින්,1,-
අතේ,0,නොගැටුනු
පසුවා,0,අපි
විධිමත්,1,-
මනාවට,0,සතුට
අනුරූපට,0,අරමුදල
සතුට,1,-
ඉන්දුට,0,නැගෙන්නා
විධිමත්,1,-
ගියෙය,0,දිනුවා
විසින්ට,0,කාර්ය
ඇවිදිමු,1,-
ආරක්‍ෂාව,0,අරඹනවා
මනාව,1,-
නවීනට,0,ගෙදර
කියවීම,1,-
අරඹනවා,1,-
කෙරෙමු,0,අත
කාලීනට,0,මනාව
දියුණු,1,-
මනාවම,0,සන්සුන්
අරඹන,1,-
කාර්ය,1,-
ගෙදර,1,-
පරිපාලන,1,-
ලියමි,1,-
සමානයේ,1,-
ඉන්දු,1,-
එකතුකෙරේ,1,-
පෙර,1,-
මිනිසුන්ට,0,ලියමි
කතාකළා,1,-
නැගෙන්නා,1,-
හොඳ,1,-
ඉගැන්වුවා,1,-
ලියමි,1,-
සමානයේ,1,-
අතේ,0,ගැටලූවක්
සටහන,1,-
දියුණුම,0,අර්ථවත්
සන්සුන්,1,-
අපි,1,-
ගොඩනැගුවා,1,-
සහද,0,ඇවිදිමු
හදුවා,1,-
මිනිසුන්ට,0,නැගෙන්නා
නොවැලැක්විය,1,-
දැනු,0,ගමනක්
විධිමත්ත,0,විසින්
කාලීනට,0,නොවැලැක්විය
ඇවිදින්නා,0,මම
නොගැටුනු,1,-
අයදුම්පත්,1,-
අර්ථවත්,1,-
ගුණාත්මක,1,-
සැලැස්ම,1,-
අතේ,0,සඳහාව
දිනුව,0,හදුවා
හොඳ,1,-
අන්තර්ගත,1,-
සටහන,1,-
සඳහාව,1,-
පරිකල්පනය,1,-
අරඹමි,1,-
නොවැලැක්විය,1,-
නතරවිය,1,-
වඩිමි,1,-
නොවැලැක්වුම,0,හොඳ
පාර්ශව,1,-
අරඹන,1,-
දිනුව,0,ඉස්මතු
හොඳ,1,-
අවශ්‍යව,0,ගැටලු
පාර්ශවට,0,වෙනුවෙන්
වෙලාවටා,0,කියවමි
එකලඟට,0,ගුණාත්මක
පරිකල්පනය,1,-
පරිපාලන,1,-
පෙරට,0,හදුවා
සංචාරක,1,-
දියුණුම,0,අරඹනවා
තෙර,1,-
කාලීනට,0,දිගහැරීම
සතුටට,0,උපදෙස්
සඳහාව,1,-
දැනු,0,සහ
පරිපාලන,1,-
සතුට,1,-
සංචාරක,1,-
ඉස්මතු,1,-
ගැටලු,1,-
සතුට,1,-
කෙරෙමින්,1,-
උපදෙස්ට,0,දිගහැරීම
විධිමත්ත,0,පහසුකම්
කියවති,0,කාලීන
පෙර,1,-
හොඳ,1,-
අර්ථවත්ට,0,කියවීම
වෙනුවෙන්,1,-
පරිපාලනට,0,ආරක්ෂාව
